{"herolist":[{"title":"Thor","city":"New York","photo":"images/thor.jpg","power":47},{"title":"Spiderman","city":"Bangalore","photo":"images/spiderman.jpg","power":64},{"title":"Spiderman","city":"Bangalore","photo":"images/spiderman.jpg","power":39},{"title":"Dr Strange","city":"Mysore","photo":"images/dr strange.jpg","power":59},{"title":"Hulk","city":"Delhi","photo":"images/hulk.jpg","power":53},{"title":"Ironman","city":"Pune","photo":"images/ironman.jpg","power":25},{"title":"Hulk","photo":"images/hulk.jpg","power":20},{"title":"Ironman","photo":"images/ironman.jpg","power":0},{"title":"Spiderman","city":"Delhi","photo":"images/spiderman.jpg","power":84},{"title":"Ironman","city":"Pune","photo":"images/ironman.jpg","power":46},{"title":"Vision","city":"Mysore","photo":"images/vision.jpg","power":41},{"title":"Hulk","photo":"images/hulk.jpg","power":37},{"title":"Thor","city":"Bangalore","photo":"images/thor.jpg","power":3},{"title":"Hulk","city":"Delhi","photo":"images/hulk.jpg","power":4},{"title":"Spiderman","city":"Pune","photo":"images/spiderman.jpg","power":29},{"title":"Vision","city":"Delhi","photo":"images/vision.jpg","power":95},{"title":"Ironman","photo":"images/ironman.jpg","power":18},{"title":"Hulk","city":"Bangalore","photo":"images/hulk.jpg","power":61},{"title":"Dr Strange","photo":"images/dr strange.jpg","power":64},{"title":"Spiderman","city":"New York","photo":"images/spiderman.jpg","power":56},{"title":"Spiderman","city":"Mysore","photo":"images/spiderman.jpg","power":76},{"title":"Ironman","city":"New York","photo":"images/ironman.jpg","power":32},{"title":"Ironman","city":"New York","photo":"images/ironman.jpg","power":50},{"title":"Vision","city":"Mysore","photo":"images/vision.jpg","power":29},{"title":"Ironman","city":"Bangalore","photo":"images/ironman.jpg","power":48},{"title":"Thor","city":"Bangalore","photo":"images/thor.jpg","power":43},{"title":"Spiderman","city":"Mysore","photo":"images/spiderman.jpg","power":90}]}